word,size
squirrel,1002
tree,388
dog,299
lot,210
area,186
one,172
saw,136
people,135
bird,123
around,116
hectare,115
two,101
many,96
like,84
ground,78
path,72
park,69
playing,69
acorn,69
near,69
see,66
ran,65
nest,63
foraging,63
walking,60
kid,60
playground,59
busy,59
nut,58
away,58
man,58
eating,56
running,55
leash,55
human,53
found,52
back,51
rock,51
small,50
time,50
also,50
runner,47
chasing,46
quiet,45
woman,43
field,43
spotted,42
large,40
loud,40
seen,39
couple,39
little,39
lawn,39
would,38
came,38
group,38
traffic,37
guy,36
taking,36
chased,34
feet,34
fence,34
side,34
good,33
asked,33
way,33
got,33
seem,33
heard,33
another,32
big,32
food,31
photo,31
great,31
nearby,31
walk,31
much,31
minute,31
approached,30
seemed,30
right,30
activity,30
looked,29
run,29
next,29
spot,29
children,29
bike,28
three,28
gras,28
went,28
black,28
chipmunk,28
tail,27
family,27
sighting,27
started,27
oak,27
look,27
high,27
sitting,27
branch,27
along,27
tourist,26
leave,26
looking,26
acros,26
pretty,26
day,26
drive,26
something,25
red,25
first,25
maybe,25
met,25
close,25
noise,25
said,24
stopped,24
really,24
head,24
think,24
observed,23
central,23
party,23
still,23
outside,23
climbing,23
hawk,23
meadow,23
construction,23
west,23
rat,23
road,22
walked,22
though,22
could,22
know,22
ball,22
mostly,21
someone,21
mouth,21
several,21
together,21
counting,21
walker,21
toward,21
get,20
find,20
robin,20
car,20
end,20
making,20
closed,20
street,20
come,19
picture,19
name,19
open,19
five,19
sound,19
going,19
even,18
climbed,18
told,18
hear,18
blue,18
left,18
watching,18
u,18
fenced,18
east,18
inside,18
bench,18
took,17
sparrow,17
passed,17
censu,17
owner,17
calm,17
kept,17
young,17
soccer,17
white,16
may,16
morning,16
wedding,16
statue,16
take,16
game,16
made,16
jay,16
north,16
thought,16
music,16
water,16
foot,16
sidewalk,15
go,15
different,15
four,15
behind,15
top,15
wooded,15
wood,15
far,15
tenni,15
fountain,14
number,14
almost,14
pigeon,14
gray,14
part,14
baby,14
count,14
digging,14
cart,14
horse,14
ton,14
scared,14
map,14
hole,14
friend,14
second,14
jogger,14
leg,14
chase,14
felt,13
person,13
full,13
kuk,13
juvenile,13
kind,13
getting,13
old,13
green,13
mushroom,13
screaming,13
due,13
transverse,13
trunk,12
beautiful,12
section,12
les,12
say,12
talking,12
trying,12
seeing,12
make,12
nice,12
school,12
cyclist,12
police,12
every,12
quite,12
well,12
thing,12
reservoir,12
circle,11
eat,11
stared,11
sign,11
suddenly,11
play,11
mom,11
note,11
distance,11
father,11
hanging,11
bushe,11
phone,11
want,11
place,11
cute,11
litter,11
space,11
breast,11
lost,11
tiny,11
hill,11
peanut,10
yet,10
using,10
whole,10
gave,10
wind,10
sure,10
boy,10
adult,10
appeared,10
sight,10
indifferent,10
hand,10
leashe,10
brush,10
hard,10
truck,10
zoo,10
must,10
notice,10
jumping,10
women,10
corner,10
sun,10
tall,10
least,10
today,10
branche,10
since,10
probably,10
tried,10
siren,10
cover,10
son,10
cold,10
picnic,10
cluster,10
bridge,10
geese,10
dead,10
none,9
pedestrian,9
worker,9
cool,9
feed,9
face,9
cat,9
short,9
tour,9
feel,9
work,9
never,9
hot,9
past,9
base,9
lady,9
ate,9
super,9
last,9
without,9
marked,9
sat,9
fun,9
word,9
noticed,9
baseball,9
believe,9
garden,9
enough,9
including,9
hind,9
noisy,9
perhap,9
biker,9
stood,9
might,9
call,9
movement,9
later,9
huge,9
step,9
bluejay,9
hiding,9
feeding,9
pair,9
raccoon,9
vendor,8
city,8
bag,8
bit,8
girl,8
other,8
smell,8
arch,8
new,8
south,8
child,8
fishing,8
5th,8
attention,8
observing,8
calling,8
finally,8
catch,8
empty,8
live,8
turn,8
surprised,8
continued,8
give,8
threw,8
eventually,8
climb,8
seemingly,8
played,8
zero,8
benche,8
wearing,8
cancer,8
flying,8
singing,8
homeles,8
quaa,8
birthday,8
columbu,7
love,7
staring,7
busines,7
happening,7
began,7
edge,7
ask,7
view,7
carriage,7
hit,7
daughter,7
barking,7
watched,7
berr,7
quadrant,7
peaceful,7
dense,7
possible,7
active,7
weed,7
cros,7
half,7
coming,7
quickly,7
acces,7
avenue,7
bark,7
start,7
burying,7
flag,7
frisbee,7
air,7
race,7
jumped,7
wanted,7
able,7
interested,7
taken,7
watch,7
hunting,7
location,7
presence,7
animal,7
hide,7
sheep,7
lovely,7
st,7
biking,7
front,7
early,7
older,7
year,7
care,7
starling,7
court,7
mother,7
concert,7
chirping,7
wall,7
color,7
men,7
ramble,7
house,7
duck,7
eye,7
teenager,7
meer,7
waiting,6
grassy,6
trail,6
fight,6
weather,6
aggressive,6
oh,6
leaf,6
sorry,6
amount,6
pond,6
real,6
posing,6
moving,6
sleeping,6
generally,6
flew,6
approaching,6
nature,6
grey,6
type,6
walkway,6
smoking,6
vehicle,6
rest,6
pic,6
single,6
fed,6
passing,6
stop,6
weird,6
helicopter,6
onto,6
especially,6
thank,6
sighted,6
returning,6
alway,6
forth,6
afraid,6
teen,6
crossed,6
football,6
despite,6
named,6
hopped,6
within,6
allowed,6
parent,6
line,6
buried,6
french,6
used,6
wild,6
strawberry,6
ambulance,6
likely,6
stayed,6
low,6
piece,6
ended,6
use,6
turtle,6
museum,6
middle,6
balloon,6
followed,6
gate,6
sad,6
unknown,6
excited,6
put,5
surrounding,5
population,5
brown,5
fast,5
button,5
slightly,5
however,5
friendly,5
happy,5
video,5
town,5
pack,5
dres,5
popular,5
dad,5
noted,5
saying,5
wrong,5
position,5
dropped,5
island,5
fancy,5
heavy,5
difficult,5
circled,5
crying,5
size,5
move,5
golden,5
land,5
best,5
approach,5
highway,5
etc,5
falling,5
entire,5
closer,5
keep,5
lower,5
soon,5
sit,5
drop,5
shrub,5
bush,5
twig,5
stand,5
although,5
returned,5
picnicking,5
table,5
adjacent,5
third,5
lack,5
bicycle,5
bunch,5
crossing,5
ye,5
trash,5
hour,5
team,5
paper,5
need,5
fell,5
lounging,5
event,5
upside,5
staying,5
stroller,5
nine,5
clear,5
dance,5
toddler,5
pink,5
fruit,5
everyone,5
help,5
long,5
zone,5
flower,5
stick,5
hopping,5
moved,5
either,5
stream,5
turned,5
bethesda,5
variety,5
garbage,5
dray,5
light,5
plane,5
cardinal,5
pointed,5
castle,5
starting,5
rain,5
extremely,5
everywhere,5
upon,5
surrounded,5
quieter,5
safe,5
curiou,5
employee,5
paw,5
crew,5
among,5
doggo,5
slowly,5
wheel,5
sky,5
clipboard,5
player,5
leaving,4
goe,4
cinnamon,4
except,4
hardly,4
blower,4
forgot,4
thanked,4
asking,4
glad,4
peace,4
yellow,4
hope,4
teaching,4
volleyball,4
jump,4
peacefully,4
calmly,4
mid,4
cop,4
fall,4
sanctuary,4
mouse,4
spotting,4
retriever,4
secret,4
golf,4
engagement,4
obviou,4
unleashed,4
throwing,4
strolling,4
ride,4
building,4
fire,4
point,4
perimeter,4
security,4
smaller,4
fifth,4
thinking,4
dropping,4
surprisingly,4
free,4
observation,4
tailed,4
unfortunately,4
selling,4
roller,4
pile,4
called,4
cheep,4
otherwise,4
sweet,4
expected,4
leashed,4
constant,4
completely,4
perch,4
paying,4
possibly,4
shakespeare,4
explained,4
star,4
enjoyed,4
history,4
parked,4
dug,4
famil,4
speaking,4
plu,4
background,4
handful,4
lawnmower,4
standing,4
carrying,4
mama,4
arrow,4
neighboring,4
afternoon,4
bottom,4
elm,4
vegetation,4
appear,4
talk,4
stage,4
photographer,4
summer,4
american,4
crowd,4
life,4
ft,4
dozen,4
twice,4
jogging,4
flat,4
poodle,4
hold,4
pull,4
shoot,4
entrance,4
goose,4
set,4
undergrowth,4
abandoned,4
fat,4
rainy,4
munching,4
caught,4
foraged,4
thick,4
let,4
wet,4
alarm,4
sort,4
story,4
tell,4
fallen,4
direction,4
moment,4
ever,4
german,4
home,4
alone,4
nothing,4
explore,4
foliage,4
falcon,4
tai,4
chi,4
overall,4
interest,4
birdwatcher,4
assigned,4
whether,4
finding,4
cleaning,4
driving,4
heavily,4
proximity,4
wrapper,4
passerby,4
fair,4
ha,4
bridle,4
producing,4
forage,4
chanting,4
pine,4
enjoy,4
kicked,4
dirt,4
condition,4
fewer,4
accident,4
mallard,4
center,4
bicyclist,4
beagle,4
skittish,4
110th,4
strangely,3
rental,3
telling,3
lined,3
mix,3
repeat,3
cloudy,3
round,3
mowing,3
whose,3
gazebo,3
laying,3
separate,3
creepy,3
dude,3
actually,3
gentleman,3
fl,3
knew,3
buse,3
sculpture,3
managed,3
camera,3
treat,3
kiosk,3
london,3
attempting,3
vocal,3
puff,3
10am,3
accessible,3
visible,3
confrontation,3
chestnut,3
yell,3
carousel,3
wc,3
shorter,3
public,3
peeked,3
anyway,3
numerou,3
rustle,3
imagine,3
language,3
longer,3
seven,3
drumming,3
seriously,3
seed,3
counter,3
become,3
nyc,3
rider,3
selfie,3
fear,3
observe,3
densely,3
initially,3
incredibly,3
bold,3
resident,3
territory,3
hid,3
highest,3
bushy,3
particularly,3
pet,3
break,3
crazy,3
hung,3
cafe,3
cannot,3
electric,3
larger,3
outcropping,3
dinner,3
drawn,3
barely,3
bite,3
job,3
giant,3
standard,3
show,3
belly,3
respectful,3
loudly,3
colored,3
68th,3
blanket,3
arm,3
tag,3
push,3
healthy,3
natural,3
poor,3
heart,3
begin,3
youth,3
scratching,3
kai,3
collected,3
wrestling,3
bandshell,3
purple,3
southern,3
yelling,3
bab,3
birdseed,3
fairly,3
pain,3
disco,3
build,3
currently,3
rap,3
spread,3
feeling,3
drum,3
metal,3
pick,3
relatively,3
action,3
devoid,3
upper,3
orange,3
pole,3
straight,3
kicking,3
approximately,3
rather,3
twitche,3
whistle,3
wanting,3
apple,3
upset,3
finche,3
concerned,3
beneath,3
gathered,3
drinking,3
money,3
sighter,3
breezy,3
highlight,3
station,3
bank,3
lake,3
loose,3
seek,3
bad,3
overhead,3
bearing,3
scooter,3
narrow,3
strip,3
belvedere,3
track,3
birch,3
boathouse,3
conservatory,3
fish,3
shepherd,3
swimming,3
sheryl,3
brother,3
scurried,3
plenty,3
pose,3
main,3
terrain,3
footpath,3
showed,3
overheard,3
fetch,3
apparently,3
thrown,3
meeting,3
pulled,3
setting,3
mind,3
fact,3
gingko,3
berry,3
slow,3
ralph,3
mainly,3
meter,3
disappointed,3
body,3
varied,3
intently,3
exercising,3
waited,3
pm,3
twitching,3
overlooking,3
scattered,3
seriou,3
flock,3
missing,3
march,3
cheering,3
cheer,3
lively,3
softball,3
ala,3
boundary,3
attempted,3
bread,3
flagged,3
six,3
beyond,3
precinct,3
blowing,3
landed,3
spoke,3
whacker,3
safari,3
practicing,3
squealing,3
majority,3
hey,3
sarah,3
baying,3
woodpecker,3
oval,3
yelled,3
listening,3
awesome,3
pool,3
almond,3
gaggle,3
bulldog,3
cache,2
customer,2
pedicab,2
driver,2
concrete,2
counted,2
variet,2
chance,2
write,2
square,2
poop,2
rolled,2
partly,2
stay,2
female,2
uniform,2
satisfied,2
vibe,2
alive,2
surveying,2
grew,2
bu,2
cp,2
multiple,2
bachelorette,2
arrive,2
stretching,2
taxi,2
plaza,2
dressed,2
suit,2
shy,2
total,2
info,2
planetree,2
enormou,2
dancing,2
sprinkler,2
late,2
canopy,2
assumed,2
pin,2
dawn,2
redwood,2
amazing,2
forced,2
true,2
pit,2
scampered,2
sticking,2
writing,2
stub,2
fluffy,2
puffy,2
distant,2
locked,2
suspect,2
startled,2
level,2
fur,2
relaxed,2
wire,2
maple,2
scream,2
motor,2
structure,2
wary,2
avoid,2
experience,2
bustling,2
monk,2
pathway,2
tip,2
parade,2
attracted,2
pay,2
boulder,2
war,2
obviously,2
brief,2
meant,2
ear,2
umpire,2
immediately,2
harper,2
column,2
hecksher,2
york,2
mowed,2
trainer,2
inch,2
shoulder,2
victoria,2
gone,2
coffee,2
guide,2
focused,2
task,2
primarily,2
stuy,2
en,2
trouble,2
drawing,2
sometime,2
included,2
asterisk,2
squawking,2
yard,2
rabbit,2
afar,2
swooped,2
omg,2
search,2
skate,2
checker,2
backed,2
wonder,2
important,2
afoot,2
report,2
data,2
collection,2
diversity,2
loved,2
seal,2
practice,2
trick,2
recording,2
plastic,2
oddly,2
given,2
wonderful,2
teeming,2
comfortable,2
unfazed,2
hoped,2
luck,2
higher,2
parking,2
held,2
wrapped,2
accidentally,2
discovered,2
cloak,2
briefly,2
border,2
folk,2
reading,2
relaxing,2
stone,2
spangled,2
banner,2
sounded,2
breakfast,2
cone,2
major,2
repeatedly,2
pristine,2
nibbled,2
broke,2
composition,2
kickball,2
general,2
showing,2
smelled,2
bee,2
gather,2
eaten,2
eight,2
ave,2
automobile,2
northern,2
jacket,2
tot,2
include,2
memorial,2
perfect,2
brain,2
mineral,2
spring,2
le,2
quotidien,2
john,2
boxer,2
letting,2
photographed,2
trip,2
resting,2
charlie,2
gale,2
blew,2
poster,2
legged,2
descended,2
apart,2
gloriou,2
yup,2
renovation,2
5k,2
tune,2
song,2
hula,2
hoop,2
discussed,2
trimming,2
outdoor,2
tricky,2
blocking,2
talked,2
ballerina,2
mall,2
barricade,2
southwest,2
northside,2
jazz,2
emerged,2
ppl,2
shelf,2
entered,2
dark,2
hitting,2
sec,2
continue,2
check,2
gathering,2
constantly,2
somewhat,2
darted,2
separated,2
band,2
stalking,2
throw,2
prefer,2
instead,2
blame,2
nann,2
gold,2
wing,2
rollerblading,2
photoshoot,2
performing,2
rumsey,2
speaker,2
summerstage,2
lining,2
breed,2
holding,2
leisurely,2
facing,2
dachshund,2
sheepdog,2
samoyed,2
sadly,2
nary,2
floor,2
quietly,2
outskirt,2
shiny,2
poncho,2
save,2
busker,2
guitar,2
argument,2
stolen,2
card,2
snacking,2
happily,2
cream,2
strongly,2
done,2
broken,2
season,2
covered,2
flushed,2
portrait,2
rightful,2
unit,2
rustic,2
overlook,2
unwary,2
smoke,2
haras,2
isolated,2
source,2
chewing,2
grinding,2
kill,2
bow,2
bride,2
conversation,2
question,2
ability,2
dollar,2
emerging,2
treed,2
hound,2
catching,2
paid,2
arguing,2
student,2
hotdog,2
force,2
survey,2
period,2
bolted,2
leading,2
filming,2
mean,2
apartment,2
binocular,2
instance,2
often,2
surprising,2
rotted,2
log,2
page,2
replied,2
actual,2
lacking,2
underlined,2
king,2
crumb,2
abundant,2
greenery,2
torso,2
read,2
try,2
carp,2
definitely,2
successfully,2
harold,2
forest,2
creek,2
flow,2
activit,2
learned,2
hilly,2
raincoat,2
ritual,2
content,2
younger,2
odd,2
goldenrod,2
forested,2
pushing,2
enjoying,2
damp,2
southeast,2
shit,2
racket,2
alerted,2
terrier,2
pig,2
string,2
alexander,2
already,2
toast,2
recently,2
painting,2
busiest,2
bring,2
opera,2
fighting,2
typical,2
hop,2
shouting,2
struggle,2
yipping,2
hollow,2
closely,2
unconcerned,2
european,2
picked,2
lube,2
certain,2
minimal,2
interaction,2
visitor,2
blocked,2
shore,2
smile,2
canine,2
holly,2
vent,2
packed,2
motion,2
protective,2
fan,2
scaring,2
service,2
conservancy,2
volunteer,2
wildlife,2
theater,2
hate,2
wondering,2
polite,2
contest,2
offered,2
victorian,2
horn,2
aware,2
9am,2
weeping,2
encountered,2
finished,2
lucy,2
shift,2
enlist,2
twitch,2
fled,2
bouncing,2
kukking,2
pas,2
secluded,2
summit,2
ledge,2
usually,2
birder,2
gap,2
entirely,2
communication,2
matching,2
ambient,2
project,2
stomping,2
biggest,2
surround,2
scale,2
barked,2
osborn,2
migrating,2
beginning,2
bath,2
stroll,2
nearly,2
th,2
cocked,2
swing,2
non,2
caravan,2
wide,2
renovated,2
ballet,2
shoe,2
affecting,2
hunt,2
died,2
searching,2
puddle,2
wielding,2
encounter,2
providing,2
contact,2
male,2
patch,2
headed,2
90th,2
injured,2
formal,2
chill,2
triangle,2
adorable,2
beech,2
interesting,2
keeping,2
clas,2
spent,2
anything,2
jersey,2
maintain,2
wheelie,2
thoroughfare,2
swirling,2
mating,2
unofficial,2
department,2
repair,2
equipment,2
fencing,2
easel,2
score,2
lad,2
bottle,2
alongside,2
cloud,2
opening,2
windy,2
placed,2
unles,2
underbrush,2
woodland,2
charm,2
ignored,2
trimmer,2
timid,2
froze,2
peek,2
drink,2
change,2
week,2
wooden,2
paint,2
lab,2
smallest,2
wise,2
laughter,2
goal,2
similar,2
yo,2
country,2
engaging,2
witnessed,2
sq,2
pat,2
bounded,2
goldfinch,2
beauty,2
sword,2
superhero,2
private,2
better,2
unexpected,2
cherry,2
laughing,2
chest,2
hardest,2
grab,2
quick,2
butterfly,2
screeching,2
following,2
scolding,2
handed,2
gorgeou,2
commuter,2
celebrating,2
tambourine,2
shrieking,2
heading,2
course,2
butt,2
subway,2
poke,2
boo,2
sm,2
advantage,2
vehicular,1
prospective,1
restaurant,1
quote,1
mat,1
pray,1
roll,1
royce,1
stretch,1
limo,1
bridal,1
bathing,1
maine,1
monument,1
deterring,1
apalooza,1
finishe,1
norwegian,1
volunteered,1
norway,1
tomorrow,1
interacted,1
object,1
tumbled,1
shaded,1
raking,1
sensible,1
dust,1
gender,1
undetectable,1
goggle,1
mask,1
idiot,1
tapped,1
instructed,1
official,1
tap,1
skedaddled,1
neat,1
dumpster,1
responded,1
tired,1
camping,1
overhanging,1
waterfront,1
property,1
weekend,1
killing,1
60th,1
lexington,1
warm,1
waffle,1
hotel,1
condo,1
ruffled,1
yinko,1
shonibare,1
document,1
beaten,1
ham,1
accepting,1
aka,1
jackpot,1
creature,1
graced,1
enjoyable,1
funny,1
skinny,1
thriller,1
boombox,1
rough,1
sleeper,1
passenger,1
age,1
linden,1
chicken,1
cared,1
maintained,1
shimmy,1
temporary,1
yorker,1
cot,1
gazeebo,1
blackbird,1
causing,1
dearly,1
mock,1
appalachian,1
accent,1
aw,1
der,1
roamed,1
uncracked,1
reappeared,1
bemused,1
sentence,1
professionally,1
documented,1
widely,1
varying,1
relative,1
reema,1
bangladesh,1
helped,1
sophora,1
friendliest,1
ease,1
rescue,1
according,1
identify,1
chilling,1
exchanged,1
drumset,1
led,1
described,1
allowing,1
friendship,1
meditation,1
notion,1
inquisitively,1
forum,1
bustle,1
bles,1
traveled,1
hallett,1
12am,1
36am,1
06am,1
cattail,1
troubadour,1
training,1
opp,1
delivery,1
calmer,1
turf,1
scurry,1
claw,1
shower,1
perturbed,1
exchange,1
hoping,1
anymore,1
decide,1
register,1
join,1
gang,1
send,1
intxn,1
jesu,1
stringed,1
instrument,1
communicating,1
opened,1
improved,1
gift,1
august,1
occupied,1
worm,1
waning,1
skating,1
rink,1
citibank,1
hydrant,1
microphone,1
clanging,1
unsuccessfully,1
abundance,1
recap,1
participating,1
balance,1
mobile,1
annoyedly,1
shooed,1
inaccessible,1
comprised,1
authorized,1
despaired,1
stuyvesant,1
manhattan,1
townn,1
fearles,1
accustomed,1
elderly,1
premium,1
walnut,1
shell,1
mas,1
needed,1
coaxing,1
fine,1
appreciated,1
opportunity,1
disappear,1
speak,1
gain,1
organization,1
appropriate,1
ripping,1
western,1
hesitation,1
addressing,1
stopping,1
pupp,1
dalehead,1
vending,1
ballfield,1
shooting,1
drill,1
heckscher,1
partially,1
hi,1
pa,1
passersby,1
arborist,1
else,1
ches,1
unicycle,1
oreo,1
learning,1
blade,1
scary,1
doberman,1
fake,1
bracel,1
photographing,1
flocked,1
crumbled,1
cracker,1
ahead,1
trelli,1
soundles,1
remember,1
largely,1
window,1
snow,1
huddled,1
hare,1
staff,1
barn,1
percent,1
threatened,1
arsenal,1
64th,1
stuffed,1
cab,1
case,1
beggar,1
voraciously,1
glance,1
offer,1
silent,1
symphony,1
safely,1
mr,1
skin,1
anthropomorphising,1
classy,1
acquaintance,1
intrusion,1
distres,1
neighborhood,1
gaze,1
lowly,1
figure,1
reverence,1
xylem,1
throne,1
motioned,1
labradoodle,1
nodded,1
revel,1
agent,1
contacted,1
authorize,1
release,1
footage,1
popping,1
wrapping,1
disappeared,1
peeing,1
drew,1
australia,1
paved,1
moderately,1
punk,1
rocker,1
whinnied,1
hideaway,1
marathon,1
engraved,1
paving,1
up,1
william,1
consensvency,1
manhole,1
sea,1
lion,1
periphery,1
georgia,1
sno,1
review,1
proper,1
native,1
performer,1
sally,1
chastised,1
dangerou,1
apparent,1
questioning,1
juilliard,1
responding,1
obstinately,1
66th,1
breeze,1
partway,1
driveway,1
slide,1
cried,1
laug,1
wow,1
tavern,1
adventure,1
result,1
world,1
picnicker,1
trio,1
sport,1
grabbed,1
monitoring,1
bordered,1
speculated,1
provide,1
sustenance,1
thrashing,1
maniac,1
visibility,1
stealthy,1
shape,1
death,1
match,1
dawned,1
consummating,1
affair,1
romance,1
novel,1
playwork,1
sporting,1
minuted,1
perched,1
rapidly,1
raven,1
faint,1
dr,1
nectar,1
leftover,1
disinterested,1
tucking,1
balto,1
mad,1
bomber,1
proces,1
harry,1
potter,1
glasse,1
bigger,1
swept,1
scarve,1
7th,1
regiment,1
aro,1
grove,1
author,1
opinion,1
voluntarily,1
redlining,1
morally,1
bankrupt,1
housing,1
polic,1
someday,1
option,1
available,1
affluent,1
district,1
l,1
stark,1
familiar,1
juxtaposition,1
privileged,1
marginalized,1
glor,1
esp,1
lpq,1
8e,1
t_t,1
mention,1
saxophonist,1
rollerskater,1
rollerblader,1
lure,1
tossing,1
snack,1
freedom,1
aretha,1
franklin,1
drizzle,1
gotten,1
stronger,1
mi,1
carried,1
pace,1
5x1,1
nelly,1
ironic,1
foresty,1
owl,1
vibrant,1
failure,1
rent,1
killed,1
knocked,1
honking,1
pretzel,1
soundlessly,1
resolved,1
difference,1
dispute,1
similarly,1
69th,1
bazillion,1
magical,1
cpw,1
sectioned,1
assume,1
reseeding,1
plain,1
beside,1
busier,1
silver,1
previously,1
sing,1
hollaback,1
gwen,1
stefani,1
nicely,1
bowling,1
update,1
committed,1
routine,1
princeton,1
university,1
ellie,1
kemper,1
book,1
drummer,1
beethoven,1
carr,1
pocket,1
chiquita,1
illegal,1
danced,1
instagrammer,1
snapped,1
shot,1
saxophone,1
northeast,1
roped,1
limit,1
protect,1
hyping,1
southside,1
solo,1
original,1
dusk,1
unsuccessful,1
curb,1
dynamic,1
balding,1
bandstand,1
load,1
boyfriend,1
melodramatically,1
robbin,1
discouraged,1
meaning,1
christian,1
beacon,1
falconer,1
rocky,1
acrobat,1
tos,1
whatever,1
lucky,1
hive,1
television,1
flagpole,1
sandwiched,1
pop,1
competing,1
hector,1
impact,1
marionette,1
liberty,1
angel,1
movie,1
japanese,1
skateboard,1
turning,1
operatic,1
rendition,1
abc,1
sand,1
peeling,1
sycamore,1
announcing,1
nonstop,1
item,1
porta,1
pott,1
external,1
mothe,1
unintelligible,1
reach,1
elsie,1
fest,1
vip,1
steady,1
cawing,1
machine,1
sprayer,1
core,1
schnauzer,1
derpy,1
uphill,1
fluff,1
bernard,1
bernese,1
mountain,1
english,1
chow,1
guitarist,1
asian,1
beret,1
lennon,1
prime,1
estate,1
sider,1
grooved,1
nuzzled,1
unfolding,1
snuck,1
interloper,1
complicated,1
scrappy,1
lingerie,1
feathered,1
horned,1
headdresse,1
satin,1
robe,1
posed,1
snacked,1
emma,1
bond,1
grandmother,1
amp,1
credit,1
rubenesque,1
unperturbed,1
unnoticed,1
humanity,1
evenly,1
spaced,1
equidistant,1
sharing,1
knoll,1
navy,1
urine,1
damn,1
gros,1
percussion,1
ok,1
creeper,1
thorn,1
worth,1
autumn,1
playfield,1
woody,1
cautiously,1
bugg,1
exhausted,1
jog,1
camped,1
pilgrim,1
belonging,1
planting,1
unusually,1
diverse,1
careful,1
study,1
conducted,1
prettiest,1
waldo,1
hutchin,1
sundial,1
stonework,1
terribly,1
spaniel,1
morse,1
fourth,1
72nd,1
randomly,1
ohh,1
tax,1
absolute,1
unceded,1
extend,1
gully,1
truth,1
serenity,1
transition,1
opposite,1
health,1
suggested,1
shoreline,1
roughly,1
boat,1
darker,1
teeth,1
easily,1
littered,1
lazy,1
congregating,1
yapping,1
indicated,1
carefully,1
anywhere,1
necktie,1
draped,1
ditched,1
fus,1
elder,1
lounged,1
answered,1
frightened,1
weirdly,1
shortly,1
additional,1
characteristic,1
indigo,1
visiting,1
mexico,1
sock,1
enclose,1
behalf,1
offended,1
chunk,1
dry,1
ice,1
brick,1
kraft,1
twine,1
stooping,1
campanile,1
san,1
remo,1
incline,1
sliding,1
fortunately,1
nutella,1
bar,1
ipad,1
mystified,1
mustache,1
nate,1
understand,1
bramblou,1
produced,1
quantity,1
tentatively,1
nibble,1
fungu,1
sprouting,1
rooting,1
consuming,1
bug,1
sacrificed,1
science,1
pointing,1
smear,1
helping,1
upward,1
transitioning,1
periodically,1
trafficnear,1
sax,1
worried,1
cause,1
shocked,1
amsterdam,1
admire,1
correction,1
tested,1
attract,1
expecting,1
disappoint,1
wear,1
changed,1
buy,1
flailing,1
wisdom,1
coaching,1
net,1
filled,1
documenting,1
categorizing,1
incredulou,1
bobbed,1
stumbled,1
ceremony,1
hurt,1
focu,1
enthusiastic,1
scavenge,1
romping,1
rivulet,1
handing,1
deliciou,1
cozy,1
identified,1
spotter,1
navigating,1
maze,1
system,1
refreshed,1
present,1
notable,1
growing,1
rural,1
mounted,1
pep,1
officer,1
gawking,1
citibiker,1
alice,1
wonderland,1
eastern,1
squeaky,1
clamber,1
bagel,1
cheese,1
resumed,1
plant,1
comicon,1
attendee,1
appearing,1
taxidermied,1
fox,1
via,1
kissing,1
appreciate,1
concentration,1
triplet,1
dip,1
amusing,1
community,1
crow,1
recognize,1
lasted,1
yr,1
sponsored,1
nat,1
aster,1
wildflower,1
assuming,1
scratched,1
deliberately,1
taker,1
confirming,1
train,1
silently,1
occasional,1
laid,1
sprinting,1
imitating,1
armenia,1
mel,1
marshmallow,1
esque,1
streaked,1
toilet,1
shade,1
sunny,1
patche,1
dried,1
noticing,1
freeze,1
rubbing,1
lotion,1
grooming,1
dinosaur,1
bone,1
bill,1
pullman,1
donated,1
honor,1
visited,1
riding,1
surely,1
warning,1
sudden,1
stillnes,1
kangaroo,1
poised,1
punch,1
mike,1
tyson,1
drainage,1
russell,1
row,1
filmed,1
nose,1
attachment,1
inspection,1
motorcycle,1
hu,1
skilled,1
africa,1
elephant,1
cheetah,1
girlfriend,1
entering,1
competition,1
alabama,1
queenie,1
asleep,1
record,1
descending,1
unclear,1
touristy,1
mini,1
suggest,1
discern,1
law,1
order,1
borderline,1
realized,1
scoffed,1
panhandler,1
devil,1
lettuce,1
split,1
intense,1
disrupt,1
unsure,1
citibike,1
organize,1
coach,1
liberal,1
sorely,1
wished,1
cedar,1
curiously,1
twist,1
dart,1
clinging,1
20,1
legit,1
tea,1
celebrate,1
smelling,1
burrito,1
exasperated,1
majestic,1
pedestal,1
formed,1
lopped,1
finch,1
stepped,1
everything,1
vomit,1
succes,1
hidden,1
passage,1
lead,1
condom,1
pigen,1
follow,1
ally,1
enemy,1
mohawk,1
blown,1
treetop,1
assail,1
joke,1
coincidentally,1
angering,1
stuytown,1
knocking,1
hundred,1
hebrew,1
swedish,1
cottage,1
wheeling,1
redheaded,1
stover,1
airport,1
firm,1
stumble,1
married,1
scampering,1
closure,1
claim,1
itchy,1
watcher,1
approache,1
rapid,1
interrogating,1
chopped,1
final,1
labrador,1
dane,1
mutt,1
pre,1
arranged,1
playdate,1
traverse,1
risky,1
leaped,1
directly,1
delight,1
lush,1
obscure,1
cr,1
print,1
exhaust,1
jackhammer,1
pound,1
distracting,1
shining,1
ray,1
highlighting,1
pollen,1
raining,1
bat,1
sniffing,1
guest,1
hunter,1
81st,1
tranquil,1
convenient,1
trained,1
behavior,1
icontact,1
respond,1
garage,1
jagiello,1
sunglasse,1
emoji,1
husband,1
tracking,1
undergraduate,1
degree,1
biology,1
rejoin,1
exactly,1
character,1
romeo,1
juliet,1
statute,1
vain,1
congregate,1
sheltered,1
cellist,1
greywacke,1
desired,1
flight,1
known,1
art,1
lover,1
mulling,1
assist,1
critical,1
pooch,1
politely,1
declined,1
bury,1
compact,1
soil,1
fanciest,1
pillow,1
glas,1
bowl,1
candy,1
cake,1
style,1
jamming,1
grooving,1
birdie,1
crunchy,1
roc,1
v,1
nomming,1
79th,1
baring,1
elsewhere,1
airplane,1
x2,1
landscaper,1
designated,1
delacorte,1
fascinated,1
____,1
voice,1
frustration,1
groan,1
cuddled,1
babbling,1
huang,1
freelance,1
reporter,1
radio,1
amongst,1
yeah,1
scene,1
drey,1
travel,1
ya,1
scaled,1
censusing,1
firetruck,1
hamilton,1
shutter,1
clicked,1
cocking,1
kneeled,1
cleopatra,1
obelisk,1
woodsy,1
hvac,1
staircase,1
protected,1
koch,1
meditating,1
vertical,1
incredible,1
rd,1
ventured,1
territorial,1
fo,1
bevy,1
telescopic,1
lense,1
teach,1
properly,1
shredder,1
rumbling,1
camouflaged,1
yearly,1
attendance,1
rise,1
drama,1
missed,1
adjusted,1
territorially,1
verbal,1
collecting,1
pregnant,1
month,1
extra,1
id,1
glove,1
learn,1
midsized,1
rambunctiou,1
diamond,1
illustration,1
caption,1
unbothered,1
voyeuristic,1
cure,1
spook,1
conducive,1
host,1
greeting,1
chosen,1
awarenes,1
cheerleader,1
rob,1
intermittent,1
divide,1
mobbed,1
walled,1
enhancement,1
limited,1
buying,1
vacuuming,1
biting,1
groomed,1
mount,1
unbelievable,1
auaa,1
picky,1
commuting,1
attack,1
scaling,1
battlefield,1
abound,1
blow,1
mighty,1
ho,1
ignore,1
jumpsuit,1
jack,1
addendum,1
win,1
plate,1
avenger,1
peppa,1
labeled,1
classical,1
elementary,1
ringing,1
bell,1
ssquirrel,1
somewhere,1
beg,1
toy,1
iron,1
sparkly,1
headband,1
marymount,1
ancient,1
ferrou,1
sciuru,1
sick,1
built,1
fr,1
unmolested,1
dandelion,1
spreading,1
pecker,1
tilted,1
chilly,1
alike,1
bed,1
example,1
predator,1
tear,1
groundskeeper,1
anthony,1
coworker,1
ornery,1
hearing,1
acrobatic,1
nerf,1
bullet,1
variou,1
exciting,1
kiddo,1
potentially,1
somehow,1
flashing,1
drove,1
flowering,1
melon,1
honeydew,1
trashcan,1
gatehouse,1
skirting,1
brambly,1
covering,1
galore,1
loave,1
myrtle,1
evergreen,1
brand,1
rotund,1
chihuahua,1
illegally,1
progres,1
waddle,1
tutu,1
rogue,1
signal,1
bummer,1
picking,1
failed,1
kentucky,1
valley,1
stew,1
april,1
amused,1
85th,1
crosstown,1
gusty,1
sliver,1
term,1
scare,1
noticeable,1
aww,1
barney,1
surprise,1
towering,1
juggling,1
flash,1
seamlessly,1
monthly,1
council,1
noticeably,1
frozen,1
particular,1
tease,1
caused,1
rush,1
negotiate,1
buzzing,1
exploded,1
snapping,1
finger,1
poetry,1
performance,1
maintenance,1
tied,1
leaning,1
clearing,1
detour,1
evidence,1
spirited,1
debate,1
energy,1
gel,1
attend,1
mild,1
comedy,1
flickering,1
pencil,1
spinning,1
petition,1
fundraiser,1
hawking,1
demeanor,1
neutral,1
goodnes,1
bothered,1
earlier,1
interacting,1
bonded,1
supporter,1
lair,1
anticipation,1
26a,1
acted,1
brought,1
gothic,1
apropo,1
abutting,1
sappy,1
chord,1
favorite,1
burst,1
patronizing,1
bingo,1
khaki,1
t,1
bluetooth,1
precariously,1
sprint,1
facetiming,1
tremendou,1
greyhound,1
indeed,1
eyeglasse,1
matched,1
sweatshirt,1
neighbor,1
leafy,1
pounce,1
crook,1
therefore,1
pitch,1
publishing,1
claimed,1
frequent,1
truly,1
tend,1
fresh,1
manure,1
polkadot,1
helmet,1
rummage,1
adorably,1
argued,1
wrote,1
poem,1
buffer,1
relay,1
raucou,1
bonker,1
related,1
bet,1
soap,1
unusual,1
cinder,1
fellow,1
caterina,1
saved,1
confident,1
cycling,1
dedicated,1
bain,1
antell,1
scrabbling,1
peter,1
sallied,1
fleeing,1
comprise,1
zillion,1
serve,1
occurring,1
replaced,1
opinionated,1
hatcher,1
squack,1
garland,1
twirl,1
sense,1
regularly,1
30th,1
formation,1
tow,1
reflecting,1
grumpy,1
dragging,1
hose,1
seagull,1
wannbe,1
amphibian,1
design,1
geography,1
quietude,1
forgotten,1
changing,1
impressive,1
leap,1
slaloming,1
frogger,1
landscape,1
chopper,1
grackle,1
catbird,1
sp,1
rustling,1
discouraging,1
nutty,1
fruity,1
spectator,1
matche,1
clock,1
prescription,1
rid,1
burning,1
habitat,1
combo,1
tract,1
potential,1
purpose,1
deal,1
96th,1
creeping,1
expect,1
naked,1
bobo,1
strange,1
acre,1
97th,1
hedge,1
sole,1
grip,1
working,1
dogwalker,1
argh,1
squiz,1
bunche,1
connecting,1
conversing,1
equal,1
regard,1
lamp,1
post,1
hello,1
pro,1
lamppost,1
burnt,1
jive,1
reality,1
reviewed,1
teaming,1
scaffolding,1
addition,1
height,1
scampery,1
yohan,1
shlomo,1
hazel,1
rosencrantz,1
loui,1
chattering,1
china,1
charge,1
pulling,1
rested,1
actively,1
bringing,1
nesting,1
material,1
concentrated,1
gues,1
consistently,1
scarf,1
attached,1
fanny,1
rehearsing,1
massaging,1
massage,1
tool,1
whenever,1
opposed,1
searched,1
lichen,1
tugging,1
unearth,1
washing,1
excitedly,1
brit,1
patted,1
complained,1
ah,1
complainer,1
thud,1
separately,1
expanse,1
confuse,1
yesterday,1
joined,1
proved,1
easy,1
glee,1
shake,1
chatter,1
chirp,1
fill,1
lifted,1
plopped,1
speeding,1
unreachable,1
pleased,1
prior,1
palm,1
warbler,1
mistake,1
ginkgo,1
roaming,1
robi,1
kuking,1
knothole,1
em,1
created,1
havoc,1
min,1
athletic,1
ultimate,1
venture,1
blasé,1
promptly,1
kidding,1
celebration,1
speed,1
marking,1
oberved,1
distributed,1
alond,1
spin,1
whirring,1
contraption,1
controlled,1
rod,1
manipulate,1
mesmerizing,1
nursing,1
interact,1
treeles,1
bored,1
beak,1
lunged,1
playful,1
cutest,1
moaning,1
softly,1
suspiciously,1
protectively,1
tucked,1
samsung,1
cell,1
charging,1
btw,1
backdrop,1
emanating,1
clipping,1
coupon,1
grocery,1
store,1
circular,1
barefoot,1
duct,1
tape,1
stare,1
global,1
warming,1
hoax,1
materialized,1
shirt,1
nw,1
dressing,1
struck,1
planted,1
grand,1
padded,1
replica,1
club,1
combat,1
regroup,1
communit,1
tough,1
bicycled,1
eminem,1
picnicked,1
cooler,1
fragrant,1
costume,1
sweater,1
h,1
recounted,1
feeder,1
arrived,1
unidentified,1
substance,1
sneeze,1
exhale,1
pot,1
intrigued,1
investigate,1
grandpa,1
grandson,1
nyer,1
quaad,1
signaled,1
disobedient,1
vinny,1
swim,1
destroying,1
distracted,1
mob,1
preparing,1
thon,1
goingf,1
door,1
screech,1
woohoo,1
viewing,1
shouted,1
ben,1
dutifully,1
hightailed,1
offshoot,1
peeping,1
till,1
nibbling,1
quintet,1
teenage,1
mediocre,1
condensed,1
basswood,1
freaked,1
quas,1
bother,1
enclosed,1
drone,1
african,1
sox,1
tripod,1
disturbed,1
intruder,1
shrugged,1
puffed,1
occasionally,1
alert,1
happened,1
nervously,1
inquisitive,1
zeroed,1
somebody,1
marijuana,1
comical,1
wander,1
easier,1
clicking,1
begging,1
fred,1
charity,1
ticket,1
decided,1
threat,1
butterfl,1
attacked,1
remained,1
unmoving,1
expensive,1
accurate,1
tally,1
officially,1
furry,1
102nd,1
btwn,1
incl,1
swear,1
muttered,1
sandwich,1
uneventful,1
er,1
discarded,1
vanished,1
lone,1
munche,1
retreat,1
cutting,1
explain,1
bugged,1
wish,1
pipe,1
kick,1
reassure,1
offense,1
fist,1
bump,1
ziggy,1
hip,1
reflect,1
warble,1
slipped,1
diversion,1
humming,1
hence,1
double,1
wandered,1
russian,1
feature,1
identifying,1
forward,1
debri,1
dumping,1
wait,1
tar,1
urban,1
forager,1
sassafra,1
react,1
vid,1
date,1
model,1
prop,1
finish,1
random,1
act,1
kindnes,1
glade,1
cement,1
mixer,1
mixed,1
chatty,1
satisfy,1
classroom,1
screamed,1
unidentifiable,1
acting,1
lord,1
uncomfortable,1
transcendental,1
yoga,1
sampling,1
squirreled,1
duty,1
immersed,1
enlightning,1
intriguing,1
tight,1
comic,1
relief,1
bedrock,1
looped,1
hiking,1
topped,1
ridge,1
proceeded,1
deer,1
current,1
network,1
gonna,1
dear,1
reader,1
clue,1
scavenger,1
historical,1
costumer,1
society,1
nobody,1
diving,1
4th,1
egg,1
route,1
appreciation,1
runnerman,1
conducting,1
cooooooool,1
maaaaan,1
session,1
interfered,1
helium,1
hitch,1
van,1
downed,1
limb,1
startling,1
kissed,1
depth,1
lol,1
mosquito,1
blared,1
nunchaku,1
rotten,1
stumped,1
sleepy,1
possum,1
breasted,1
compost,1
site,1
gardener,1
meet,1
beleaguered,1
graven,1
disrupted,1
dept,1
sisyphean,1
dunking,1
ourself,1
blasting,1
scouting,1
transcend,1
societal,1
delegated,1
unable,1
witnes,1
dreary,1
commute,1
glimpse,1
beer,1
oct,1
usual,1
hang,1
stalled,1
cron,1
knot,1
fluttering,1
harmonica,1
raspberr,1
heaven,1
chair,1
information,1
living,1
pail,1
107th,1
night,1
dancer,1
listen,1
smooth,1
lift,1
weight,1
grunting,1
neither,1
drug,1
hiker,1
observable,1
account,1
absence,1
sizable,1
plentiful,1
altogether,1
block,1
whispering,1
pedal,1
motivating,1
leak,1
climber,1
hauled,1
scoring,1
upright,1
responsibility,1
god,1
paced,1
nested,1
willow,1
buckled,1
ranting,1
preciou,1
trundled,1
hissed,1
honked,1
retreated,1
cricket,1
terrace,1
pinecone,1
terrified,1
cane,1
cathedral,1
parkway,1
skateboarding,1
frederick,1
douglas,1
gamboling,1
exposed,1
alternated,1
asses,1
danger,1
coat,1
cinammon,1
proud,1
flowing,1
slinky,1
thicket,1
embankment,1
echoed,1
circling,1
busse,1
powered,1
tricycle,1
spying,1
shrubbery,1
dove,1
stealing,1
hungry,1
introduced,1
discharged,1
shelter,1
lit,1
grateful,1
verified,1
june,1
stewart,1
rendezvoused,1
affect,1
cup,1
receipt,1
gum,1
tab,1
cigarette,1
cpc,1
pungent,1
canadian,1
sk,1
strike,1
dying,1
technically,1
landscaping,1
cap,1
raising,1
fit,1
exquisite,1
flirtatiou,1
combative,1
ending,1
stripe,1
hummingbird,1
spiral,1
loop,1
apricot,1
former,1
carry,1
